-- phpMyAdmin SQL Dump
-- version 5.1.1
-- https://www.phpmyadmin.net/
--
-- Hôte : 127.0.0.1:3306
-- Généré le : lun. 06 déc. 2021 à 11:57
-- Version du serveur : 8.0.21
-- Version de PHP : 8.0.10

SET SQL_MODE = "NO_AUTO_VALUE_ON_ZERO";
START TRANSACTION;
SET time_zone = "+00:00";


/*!40101 SET @OLD_CHARACTER_SET_CLIENT=@@CHARACTER_SET_CLIENT */;
/*!40101 SET @OLD_CHARACTER_SET_RESULTS=@@CHARACTER_SET_RESULTS */;
/*!40101 SET @OLD_COLLATION_CONNECTION=@@COLLATION_CONNECTION */;
/*!40101 SET NAMES utf8mb4 */;

--
-- Base de données : `p5blog`
--

-- --------------------------------------------------------

--
-- Structure de la table `comments`
--

DROP TABLE IF EXISTS `comments`;
CREATE TABLE IF NOT EXISTS `comments` (
  `commentId` int NOT NULL AUTO_INCREMENT,
  `commentDate` datetime NOT NULL DEFAULT CURRENT_TIMESTAMP,
  `commentContent` varchar(255) NOT NULL,
  `pendingStatus` tinyint(1) NOT NULL DEFAULT '1',
  `userId` smallint NOT NULL,
  `postId` int NOT NULL,
  PRIMARY KEY (`commentId`),
  KEY `user_comments_fk` (`userId`),
  KEY `post_comments_fk` (`postId`)
) ENGINE=MyISAM AUTO_INCREMENT=132 DEFAULT CHARSET=utf8;

--
-- Déchargement des données de la table `comments`
--

INSERT INTO `comments` (`commentId`, `commentDate`, `commentContent`, `pendingStatus`, `userId`, `postId`) VALUES
(1, '2021-08-13 08:45:37', 'J\'adore !', 0, 22, 1),
(2, '2018-02-13 10:30:25', 'Bien sûr !', 0, 27, 2),
(3, '2019-05-15 00:36:25', 'Je ne suis pas d\'accord', 0, 28, 2),
(4, '2018-07-01 12:52:00', 'On verra.', 0, 25, 2),
(5, '2020-12-15 05:55:45', 'Un petit commentaire', 0, 26, 1),
(51, '2021-09-07 14:43:14', ' Aut ducimus illum sit iste quam sed saepe reprehenderit sed repudiandae alias. 33 libero deserunt et odit dicta ut consequatur ipsam et molestias doloremque qui nostrum natus ut tempora?', 0, 3, 28),
(7, '2019-05-15 00:36:25', 'Commentaiiiiiiiiiire', 0, 28, 3),
(9, '2021-08-13 09:19:58', 'Véridique', 0, 26, 3),
(11, '2021-09-02 13:59:03', 'Chooooooo choo choooooooo choooo choo chooo choooooo.\r\nChoo choooo choo choo...Chooooooo choo choooooooo choooo choo chooo choooooo.\r\nChoo choooo choo choo', 0, 2, 28),
(13, '2021-09-03 12:35:44', 'Hola hola Hola hola Hola hola Hola hola Hola hola ', 0, 1, 9),
(14, '2021-09-03 12:36:24', 'Hola hola Hola hola Hola hola Hola hola Hola hola Hola hola Hola hola Hola hola Hola hola Hola hola Hola hola Hola hola Hola hola Hola hola ', 0, 22, 3),
(40, '2021-09-06 07:49:25', 'oups', 0, 3, 2),
(16, '2021-09-03 13:41:56', 'Coucou, je me suis perdu !', 0, 3, 4),
(17, '2021-09-03 13:44:26', 'comment gagner de l\'argent facilement sur internet', 0, 1, 4),
(18, '2021-09-03 13:44:46', 'Allez les bleus !', 0, 28, 4),
(19, '2021-09-03 13:49:28', 'On est pas sortis de la verge.', 0, 3, 4),
(20, '2021-09-03 14:14:10', 'Va dans l\'métro satanas !', 0, 22, 2),
(21, '2021-09-03 14:14:29', 'Est vitae repellat At commodi vero quo sint laboriosam id nemo ullam ex quis doloribus non debitis enim.', 0, 25, 2),
(22, '2021-09-03 14:17:59', 'Id praesentium illo? Ea eaque laudantium sed deserunt voluptates qui sunt aliquid qui dolores odio aut mollitia ratione est repellendus nihil et adipisci magni. Et laudantium vero a atque laudantium eum similique galisum hic molestias fugiat ea harum dese', 0, 28, 2),
(23, '2021-09-03 14:18:04', 'Ut assumenda asperiores aut exercitationem internos ea praesentium dolor est voluptas quia. Et nihil alias et rerum aliquid ad consequatur iusto non dolor eveniet.', 0, 22, 2),
(24, '2021-09-03 14:20:13', 'Et tempore nobis est dolorum laudantium a voluptates enim sed internos libero rem galisum doloribus ex rerum similique non doloribus sunt. ', 0, 2, 5),
(25, '2021-09-03 14:21:30', 'Est repudiandae quia non dolore fuga sit nulla officia qui sapiente labore At beatae sunt ut nihil voluptatum eos cupiditate sapiente. Est possimus velit ut pariatur suscipit et exercitationem explicabo. ', 0, 25, 5),
(26, '2021-09-03 14:22:02', 'Ad magnam architecto est similique perspiciatis hic dolores maiores qui rerum nihil ab fugiat distinctio. Et neque facere eos optio galisum qui aspernatur consequatur non voluptatem porro et consequatur velit ad sunt aliquid. Sit ducimus dicta aut molesti', 0, 1, 5),
(27, '2021-09-03 14:27:25', 'Ut unde quaerat qui molestiae incidunt sed libero suscipit. Ea velit veritatis ab ducimus distinctio est aspernatur rerum vel incidunt obcaecati aut ipsa nesciunt nam rerum totam. Est libero enim est quam itaque placeat galisum et velit odit sed quasi vol', 0, 28, 5),
(28, '2021-09-03 14:28:05', 'Qui architecto fugiat in obcaecati accusamus ad sint sint aut dicta repudiandae nam libero culpa qui voluptate dolorem eos deleniti impedit! Ab quidem velit eos quos amet non nobis reprehenderit ad odit voluptatum nam quaerat rerum. Et consequatur veritat', 0, 3, 5),
(29, '2021-09-03 14:29:40', 'Non ipsa quia eos cupiditate odit id quam rerum et dolor natus. In necessitatibus quam quia facilis eum quibusdam libero aut distinctio maxime sit architecto consequatur est consequatur voluptas et repellat commodi. Aut recusandae sequi non quam harum qui', 0, 22, 5),
(30, '2021-09-03 14:35:37', ' Eos consequuntur obcaecati qui vitae autem eos autem beatae! Aut ducimus saepe et magni minima sed doloremque pariatur sed voluptatum voluptatibus id sunt ducimus. ', 0, 3, 1),
(39, '2021-09-06 06:50:02', 'yes', 0, 3, 28),
(38, '2021-09-06 06:17:51', 'Non incidunt minus aut tenetur ipsum qui consequatur nesciunt.', 0, 2, 9),
(33, '2021-09-03 14:37:55', 'Eos animi nobis non veritatis fuga ut repellat porro sed dolorem omnis et inventore praesentium sit enim facere? ', 0, 25, 3),
(37, '2021-09-06 06:17:30', 'Et eligendi molestias aut vitae assumenda ea quia aperiam ad animi dolor est accusantium rerum qui tempore fugiat et galisum illum! ', 0, 3, 1),
(35, '2021-09-03 14:38:10', 'Qui labore modi qui voluptatum modi et aspernatur fugit et ipsam dolor eos enim cumque et ipsum.', 0, 3, 3),
(36, '2021-09-03 14:38:37', 'Sed perferendis commodi vel quis quia autem cumque? Est repellat deleniti ab ratione reiciendis ut laudantium molestias est quia quia et maxime quia? Et beatae voluptatem aut possimus molestiae ut numquam vero aut sunt voluptas ex pariatur consequatur. Ut', 0, 3, 3),
(52, '2021-09-07 16:42:47', 'lol', 0, 25, 28),
(46, '2021-09-07 14:25:36', 'Lorem ipsum dolor sit amet. Sit alias molestiae et dolorum cum odit ipsam aut explicabo quia suscipit quisquam id voluptates quia et repellendus nobis! Eos dolorem ratione ut facere excepturi ex quasi cumque?', 0, 22, 28),
(49, '2021-09-07 14:29:46', 'Sed beatae voluptas et debitis quod est quas voluptatem aut quidem dolor et inventore similique sed asperiores accusamus.', 0, 2, 28),
(50, '2021-09-07 14:29:50', 'Eum doloribus laudantium a quia molestiae a nesciunt sapiente est expedita impedit vel consequatur dolores ut dolores aliquid qui corrupti sequi.', 0, 1, 28),
(56, '2021-09-07 18:06:44', 'Ut voluptas magnam aut impedit quisquam ut fugiat eligendi aut quam reprehenderit. Et odio libero est facilis Quis At consequatur iste ut architecto illo aut consequatur quas. Et rerum sint qui consectetur consequatur cum consequuntur voluptatem et volupt', 0, 25, 9),
(55, '2021-09-07 17:55:37', 'Non maxime reiciendis non laudantium nobis eum galisum rerum et illo laboriosam.', 0, 26, 9),
(57, '2021-09-07 22:05:30', 'Sed voluptas optio qui minus nihil rem aliquid repellendus et perferendis corporis est dignissimos itaque aut velit cumque ea ipsum vitae. Ex consequuntur enim quo eaque porro non dolores temporibus et corrupti rerum et quos tempora sit nesciunt reiciendi', 0, 3, 28),
(72, '2021-09-09 10:56:18', 'Est vero molestiae id doloremque laborum aut odio porro sit porro eius a laborum laudantium. Ut nihil dolores aut quaerat sunt vel distinctio temporibus. ', 0, 3, 9),
(76, '2021-09-09 11:08:54', 'Qui nobis internos rem exercitationem porro eos fugit repellat! Id quia ducimus aut nihil explicabo est ullam voluptas a quibusdam ratione At saepe atque qui praesentium expedita eum facilis unde. Et enim blanditiis non voluptatem amet est sapiente sapien', 0, 3, 28),
(77, '2021-10-24 09:51:02', 'Ut enim internos et doloribus vitae rem nesciunt obcaecati et galisum quia qui nemo repellat non autem', 0, 28, 0),
(78, '2021-10-24 09:51:27', 'Eum ipsam consequatur rem alias beatae sed quam laboriosam ea facere aliquam eos voluptatem blanditiis. ', 0, 27, 28),
(80, '2021-10-24 09:51:54', 'Ut quas voluptatem est vitae commodi nam sint iusto.', 0, 27, 28),
(81, '2021-10-24 09:53:05', 'Aut voluptatibus magni eum asperiores sint eos minima perferendis qui recusandae dolore ad architecto perferendis? ', 0, 28, 28),
(126, '2021-11-22 10:30:00', 'C\'est comme des pommes, mais ça pousse dans la terre. On a pas encore trouvé le nom.', 0, 1, 85),
(83, '2021-10-24 09:56:01', 'Et perferendis ducimus ea quis quam quo repudiandae deleniti est alias consequatur.', 0, 27, 28),
(84, '2021-10-24 09:56:37', 'Quo dolor debitis et autem neque est iusto aliquid aut tenetur nobis! ', 0, 25, 28),
(85, '2021-10-24 09:58:00', 'Aut eligendi impedit ab delectus natus ut accusamus inventore aut inventore corporis. Cum voluptas veritatis id perferendis facilis qui autem nemo qui alias similique cum modi consequatur. Sed voluptatibus quibusdam ut fugiat odit et impedit nobis.', 0, 26, 28),
(86, '2021-10-24 09:58:06', 'Et Quis dolore non fugiat voluptatem eum quibusdam quas sit amet alias aut sint doloremque.\r\n\r\nVel porro internos aut suscipit dolor vel impedit consectetur id dicta voluptas aut sunt nulla. Id placeat repellendus quo quas repellendus nam consequatur nesc', 0, 28, 28),
(87, '2021-10-24 09:58:30', 'Ut voluptate ratione ut aspernatur nisi ut commodi voluptate. Ut ullam culpa est voluptates laborum et molestiae autem et ratione libero.', 0, 27, 28),
(88, '2021-10-24 09:58:52', 'A perferendis ab error nesciunt aut recusandae minima sed assumenda mollitia vel tenetur dolor. Id blanditiis consequatur sed velit quia eos laudantium deserunt quo quos reprehenderit!', 0, 28, 28),
(89, '2021-10-24 09:59:05', 'Sit commodi vitae At accusantium quia eum sunt molestiae quo voluptatem possimus. Vel accusantium illum et repellat magnam et consequatur quisquam quo voluptas ratione est repudiandae provident sed voluptatem omnis ut numquam aliquid.', 0, 27, 28),
(90, '2021-10-24 09:59:22', 'Qui odio ipsa aut nihil delectus ex ipsam voluptatem ad optio similique!', 0, 26, 28),
(91, '2021-10-24 10:02:32', 'Neque magnam sit dolore consequuntur ab tenetur dolor eum molestiae iste.', 0, 27, 9),
(92, '2021-10-24 10:03:01', 'Eum delectus internos qui modi officia et dolores incidunt et officia cupiditate?', 0, 27, 28),
(93, '2021-10-24 10:13:11', 'Qui corrupti libero ut asperiores dolorem eos consequuntur repellat et impedit nulla incidunt eius.', 0, 28, 9),
(94, '2021-10-24 10:13:19', 'Lorem ipsum dolor sit amet.', 0, 27, 5),
(128, '2021-11-30 17:13:57', 'Faut-il réagir contre la paresse des voies ferrées entre deux passages de trains ?', 0, 1, 28);

-- --------------------------------------------------------

--
-- Structure de la table `post`
--

DROP TABLE IF EXISTS `post`;
CREATE TABLE IF NOT EXISTS `post` (
  `postId` int NOT NULL AUTO_INCREMENT,
  `userId` smallint NOT NULL,
  `postTitle` varchar(200) NOT NULL,
  `postContent` mediumtext CHARACTER SET utf8 COLLATE utf8_general_ci NOT NULL,
  `postLede` varchar(150) NOT NULL,
  `postCreationDate` datetime NOT NULL DEFAULT CURRENT_TIMESTAMP,
  `postUpdateDate` date DEFAULT NULL,
  `urlImg` varchar(255) DEFAULT NULL,
  PRIMARY KEY (`postId`),
  KEY `user_post_fk` (`userId`)
) ENGINE=MyISAM AUTO_INCREMENT=92 DEFAULT CHARSET=utf8;

--
-- Déchargement des données de la table `post`
--

INSERT INTO `post` (`postId`, `userId`, `postTitle`, `postContent`, `postLede`, `postCreationDate`, `postUpdateDate`, `urlImg`) VALUES
(1, 1, 'Dominus Rex Regna et testum codet', 'Mauris in dolor consectetur, euismod nunc ut, ornare nunc. Fusce scelerisque enim nunc, eget vestibulum ligula posuere non. Cras venenatis vestibulum nibh, ac vestibulum libero vestibulum id. Sed sed ornare mi. Donec ac ligula arcu. Morbi et velit sagittis, tincidunt libero at, tincidunt dolor. Ut mollis feugiat tempor. Donec rhoncus interdum cursus. Aliquam erat volutpat. Vestibulum nec euismod ligula, quis dictum eros. Nunc orci lacus, ullamcorper ac tincidunt vitae, laoreet eu risus. Aliquam auctor est sed lorem fringilla, ac feugiat neque luctus.\r\n\r\nSuspendisse sed est ac nibh fringilla volutpat. Phasellus iaculis nibh id justo vehicula, eu tempor urna eleifend. Aliquam erat volutpat. Sed augue neque, ullamcorper vel volutpat vitae, dignissim quis sapien. Quisque eget velit efficitur augue aliquet consequat. Morbi id sollicitudin purus, et tempus odio. Duis mollis, quam non vulputate pellentesque, massa nunc vulputate magna, viverra rhoncus nisi nunc eget orci. Suspendisse ut commodo diam. Vestibulum non consectetur diam, a cursus turpis. Vestibulum vitae pretium purus. Integer fringilla eros in sapien suscipit imperdiet. Fusce libero erat, sollicitudin ut laoreet vel, viverra in augue. Fusce placerat ac sapien vitae rhoncus. Aenean vehicula justo vulputate ligula facilisis, eget faucibus augue feugiat. Vivamus posuere tempor augue, maximus iaculis nisi euismod at.\r\n\r\nSed lectus dui, facilisis sit amet pharetra vel, egestas ut nibh. Maecenas libero sapien, consequat nec tellus a, dignissim interdum arcu. Proin in dui leo. Sed ac diam purus. Suspendisse nisi massa, sollicitudin euismod ante lobortis, sodales cursus neque. Aliquam a lacinia velit, vitae suscipit libero. In hac habitasse platea dictumst. Etiam rhoncus non purus non accumsan. Sed congue, lorem sit amet hendrerit pellentesque, tellus augue vehicula metus, quis consequat mauris diam iaculis lacus. Duis sit amet feugiat nunc. Orci varius natoque penatibus et magnis dis parturient montes, nascetur ridiculus mus. In ullamcorper justo sed ipsum commodo efficitur. Sed tempor quam ut magna pulvinar sodales. Nulla libero sapien, venenatis non est in, faucibus hendrerit urna.\r\n\r\nMaecenas ex velit, malesuada ut interdum et, tincidunt ut purus. In vel nulla id enim hendrerit commodo ut ut mi. Donec vel purus aliquam, luctus orci ut, congue nibh. Vivamus auctor non metus a porttitor. Sed id velit scelerisque, ornare ligula et, efficitur purus. Quisque a sollicitudin odio, malesuada lobortis dolor. Nam semper ligula eget ipsum pulvinar porta. Phasellus molestie porta neque, ac faucibus sem ornare a. Sed tristique pellentesque egestas.\r\n\r\nQuisque eget odio purus. Donec vel pulvinar nulla, ac mattis orci. Ut tempor vitae massa non molestie. Pellentesque habitant morbi tristique senectus et netus et malesuada fames ac turpis egestas. Curabitur eget placerat massa. Morbi posuere, quam quis porttitor molestie, metus ex lacinia ante, sit amet placerat lacus tellus quis tellus. Vestibulum maximus nec libero quis laoreet. Suspendisse rutrum ullamcorper congue. Etiam eu purus imperdiet, posuere neque et, mollis ligula. Proin condimentum, nibh et sagittis faucibus, lacus lorem malesuada odio, sed efficitur turpis nulla semper ligula. Mauris nec nunc sit amet urna ullamcorper sollicitudin quis at mi. Ut lacinia scelerisque nisi, eu efficitur enim euismod quis. Vivamus aliquet leo velit, vel placerat lectus euismod nec. Phasellus lobortis finibus massa id dignissim. Nullam faucibus condimentum neque non imperdiet. Integer dictum sapien eu posuere bibendum.', 'Procedente igitur mox tempore cum adventicium nihil inveniretur, relicta ora maritima in Lycaoniam adnexam subinde Constantius et quaedam referente...', '2021-08-13 08:39:49', NULL, 'brevis.jpg'),
(2, 1, 'Neque porro quisquam', 'Aliquam nec dolor laoreet mi luctus eleifend ut at odio. Lorem ipsum dolor sit amet, consectetur adipiscing elit. Sed eu nisi rutrum, interdum erat eget, tristique sapien. Donec condimentum erat mi, eu porta nulla dapibus semper. Nunc viverra id felis sit amet congue. Quisque tristique sapien vel risus mattis, non vehicula velit euismod. Donec eget nunc leo. In commodo diam blandit gravida facilisis. Vivamus vestibulum odio quis bibendum euismod. Nunc eu nulla eget orci ultricies egestas vitae a neque. Quisque viverra ut nunc et egestas. Integer eu nulla vel libero tincidunt vulputate a nec nibh. Morbi convallis faucibus tellus, ut maximus leo rutrum ac. Proin mattis felis finibus molestie scelerisque. Vivamus lacinia malesuada ligula id dapibus. Nunc viverra, est eu semper pretium, arcu augue egestas arcu, et vehicula mauris dui sed mauris.\r\n\r\nDonec ultricies tempor ligula id rutrum. Suspendisse potenti. Aliquam faucibus lobortis enim vitae rhoncus. Donec mauris urna, elementum sit amet ornare ut, sodales et metus. Class aptent taciti sociosqu ad litora torquent per conubia nostra, per inceptos himenaeos. Sed ullamcorper nunc eget lacus aliquet rhoncus. Suspendisse eu odio sed ligula ullamcorper lacinia in ac lectus. Cras malesuada, purus lobortis pellentesque malesuada, metus ante vulputate lectus, sit amet consectetur sem ipsum et erat. Phasellus malesuada, quam sit amet porttitor gravida, nulla ipsum viverra tellus, volutpat molestie magna arcu quis ex. Aliquam fringilla vitae neque at accumsan. Proin sed vestibulum enim. Nam auctor quis nunc vel varius. Vestibulum accumsan id purus sed commodo. Vivamus vestibulum sem nec mattis ullamcorper. Suspendisse blandit nunc imperdiet, posuere erat ac, tincidunt augue.\r\n\r\nNulla facilisi. Praesent luctus fringilla lacus, ut porttitor lorem pellentesque in. Nunc lobortis nisl sed efficitur placerat. Vivamus ultrices tempor ex, eget faucibus augue iaculis in. Quisque vel odio tortor. Morbi semper, elit quis tincidunt congue, orci magna sodales ipsum, luctus sodales augue nisi id odio. Vivamus imperdiet risus eu pharetra elementum. Aenean et varius nisi. Morbi euismod, nulla vestibulum suscipit sollicitudin, ligula dolor posuere nulla, sed tempus quam nisi id metus.\r\n\r\nCurabitur eu dolor aliquam, rutrum sapien eget, varius justo. Donec eu urna sed neque malesuada aliquet. Sed iaculis augue ac metus varius vestibulum. Curabitur ac purus at nibh congue fringilla eget ac justo. Mauris commodo urna quis sapien elementum vestibulum. Donec vel justo risus. Sed cursus sapien non feugiat vehicula. Fusce et nunc sed erat mollis porta sed quis nulla. In fermentum sapien vitae placerat tristique. Sed vel libero non turpis varius accumsan id in dolor. Integer efficitur finibus diam, sed commodo neque congue in.\r\n\r\nMorbi pretium velit a lectus dignissim commodo. Morbi id malesuada ex, quis gravida ante. Duis ullamcorper justo nec lectus rhoncus, non vehicula lacus sodales. Donec imperdiet ullamcorper porta. Sed turpis ante, hendrerit non mi sit amet, rhoncus mollis leo. Aliquam fermentum ante id mi scelerisque posuere. Donec sed sagittis nisl. Sed ullamcorper nisl a ex tincidunt vulputate. Duis a nulla velit. Proin blandit tortor vitae diam tempor, sed volutpat sapien bibendum. Curabitur interdum viverra risus bibendum dapibus.\r\n\r\n', 'Neque porro quisquam est qui dolorem ipsum quia dolor sit amet, consectetur, adipisci velit...', '2021-08-13 09:16:11', NULL, 'safe.png'),
(3, 1, 'Morbi viverra elementum', 'Suspendisse rhoncus mollis pulvinar. Integer gravida nulla a faucibus vehicula. Etiam pretium nisl at mauris malesuada dapibus. Sed accumsan tempus tellus. Nunc consequat, neque a euismod aliquam, eros erat gravida elit, at lacinia magna nibh in tellus. Integer sed ante sit amet mi bibendum auctor. Nullam at tincidunt velit, non accumsan augue. Donec faucibus venenatis viverra. Nulla massa dui, laoreet vel leo nec, viverra tincidunt ipsum. Nam eros mauris, commodo id magna id, placerat lobortis augue. Praesent ultricies pellentesque pretium. Aliquam vel elit justo. Sed imperdiet, massa quis sollicitudin malesuada, magna arcu bibendum quam, eu interdum risus metus vitae mi. Ut at mauris lacinia, venenatis dolor in, dapibus urna. Donec et tellus sollicitudin, condimentum lorem a, auctor enim.\r\n\r\nInteger sodales risus in velit eleifend eleifend. Orci varius natoque penatibus et magnis dis parturient montes, nascetur ridiculus mus. Aliquam tempus est orci, eu interdum erat accumsan a. Morbi viverra elementum ligula, eu pretium nisl dapibus vel. Sed nunc lorem, sollicitudin nec dui a, dapibus sodales nisl. Maecenas elementum quis lorem nec efficitur. Pellentesque habitant morbi tristique senectus et netus et malesuada fames ac turpis egestas. Duis vel nunc tincidunt, aliquam erat sed, blandit magna. Aliquam erat volutpat. Donec ut neque neque. Ut molestie sem odio, vitae consequat velit varius eu. Vestibulum vitae venenatis eros, a lacinia eros. Donec laoreet ante lorem, et suscipit neque viverra ultrices. Proin congue dolor vel maximus tincidunt. Curabitur vulputate euismod ante ac ultricies.\r\n\r\nSed porta, erat vel pretium gravida, lacus lacus blandit arcu, venenatis viverra sem nunc eu justo. Aliquam nec accumsan arcu. Integer vitae orci id erat porttitor vehicula a at ante. Duis cursus est in arcu tincidunt, in semper purus hendrerit. Vivamus interdum eu tellus et varius. Ut sed mi justo. Nulla non urna lorem. Ut interdum arcu non est dictum, sed condimentum augue hendrerit. Praesent dictum diam id pharetra facilisis. Etiam quam nisl, condimentum quis ligula et, rhoncus accumsan odio. Phasellus congue nisl in venenatis tincidunt. Vestibulum accumsan suscipit erat nec sagittis. Etiam augue lacus, sollicitudin eget dictum eget, egestas sed nunc. In hac habitasse platea dictumst. Integer vitae feugiat felis.', 'Integer sodales risus in velit eleifend eleifend.', '2021-08-13 09:16:23', NULL, 'submarine.png'),
(4, 1, 'Molestiae excepturi', '<p>Lorem ipsum dolor sit amet. Ad impedit saepe et saepe nihil in quisquam praesentium. Est nemo enim ut earum quae aut nostrum voluptatem aut voluptas rerum qui voluptas accusantium? Aut blanditiis rerum non repellat praesentium cum molestiae voluptatem aut consequatur consequuntur sit voluptatum perferendis. Et adipisci illo aut nemo dicta aut voluptatem velit est quasi maiores. Rem tempora saepe eum maxime corporis vel dicta dolorem 33 quaerat Quis qui galisum quia. </p><p>Est minima dolor <a href=\"https://www.loremipzum.com\" target=\"_blank\">Ea sint id cupiditate quia qui mollitia fuga</a>! Rem obcaecati perferendis et obcaecati mollitia aut galisum dolore ut galisum laboriosam. Ex molestiae excepturi in magnam galisum sit nobis quasi. Aut dolorum voluptas qui sunt voluptas non dolor quidem qui magni eligendi ut repellendus voluptas non eligendi temporibus hic sapiente explicabo. Non quia internos id fugiat consectetur eos dolor Quis ut nesciunt voluptas et fugiat consectetur aut aspernatur rerum. Et ipsam dolorem quo minima ducimus ab ipsum aspernatur cum nihil similique in dolorem asperiores non molestiae dolorem. Sit atque rerum et illo amet sed nesciunt impedit aut temporibus illo qui molestiae perspiciatis nam mollitia odit ut accusantium sunt! </p><p>Cum sunt itaque qui obcaecati omnis ex ipsa nesciunt. Cum totam optio eos neque internos et quia recusandae sed sunt ipsa. Et ipsam minus ut deserunt maiores  ullam maxime ut ipsam consectetur sit laborum tempore est dolorum voluptatum! Et internos quia nam dolorem exercitationem et vero eveniet. Qui reiciendis error aut quia delectus qui voluptatibus repellat est sapiente debitis et doloribus voluptatem et inventore autem non adipisci esse! </p>\r\n', 'Magni eligendi ut repellendus voluptas non eligendi temporibus hic sapiente explicabo', '2021-08-17 14:45:44', NULL, 'unnamed.jpg'),
(5, 1, 'Aut quaerat qui commodi esse', '<p>Lorem ipsum dolor sit amet. Ea maxime repellendus qui nobis expedita eum odit officia. Aut dicta aperiam hic magnam aspernatur ut optio suscipit in repellat ipsum ut exercitationem aliquam! Ut alias distinctio et incidunt quis hic consequatur nulla est eveniet autem  tenetur dolorum et illum inventore. Non nisi fugiat eum facere tempora nam tenetur pariatur. Est alias tempore et debitis placeat vel dolor laboriosam et laboriosam facere. Est explicabo nemo ut natus deserunt et excepturi accusamus et unde laborum qui molestiae libero. At dolor explicabo ut quidem eveniet vel fugiat autem qui aspernatur aperiam est consequatur fuga et voluptas quam id quidem illum. Quo iste suscipit <em>Eos alias et rerum ipsum sit consequatur harum</em> sed eveniet autem aut blanditiis porro At corrupti praesentium. Vel soluta animi et perferendis voluptatem qui consequatur vitae. Aut nisi fugiat et numquam saepe ut illum perspiciatis et velit ducimus. Sed similique provident vel esse aspernatur est rerum veniam. Est galisum unde et laborum aliquam ut illum debitis ut omnis distinctio ut amet assumenda et earum adipisci. Et ducimus fugiat eos sunt dolorem in reiciendis veniam et exercitationem corrupti qui molestiae optio et velit cupiditate. Ut quia dolores  deleniti perferendis et dolorem beatae. </p><p>Sed iste sint ea eius dolores vel temporibus veritatis. 33 dignissimos nostrum ea quia maxime <em>Ut molestias ut magni quam et autem culpa At voluptatem iure</em>? Hic architecto itaque qui eveniet eaque ut quibusdam inventore aut adipisci inventore hic labore veniam. Eum odit magni sit repudiandae autem aut voluptas omnis non accusantium cumque vel atque modi. Rem quisquam alias non incidunt rerum aut velit velit est praesentium veniam vel consequuntur ratione At facere enim. Non rerum deserunt quo velit quis id fugit voluptatibus. Ut consequatur recusandae non laboriosam rerum ea consequuntur fugiat. Est vero unde qui molestiae dolorem qui dolorem nobis vel necessitatibus reprehenderit et molestias debitis sed possimus rerum. </p><p>Vel omnis reiciendis est odio internos ab minima nisi. Et repellat incidunt ex esse voluptate aut enim consequatur! Et veniam iusto sed consequuntur galisum aut vitae molestiae ad placeat omnis. Aut quia dolorem 33 magni voluptates qui exercitationem consequuntur. Est incidunt fugiat et aperiam aliquam cum corporis eveniet et labore dolorem ut nostrum sunt qui sequi veniam. Et esse veritatis in necessitatibus laborum eum debitis enim ut omnis natus et distinctio consectetur qui expedita totam. 33 earum dolores et exercitationem adipisci vel dolores vero At aspernatur expedita est dolore adipisci est nulla aspernatur. Rem tenetur aliquid et cumque velit ea earum magnam et quisquam deleniti cum sunt numquam. Ut reprehenderit consequatur est deserunt architecto <strong>Sed alias</strong>. Et voluptas officiis eum consequatur quidem qui facere Quis est excepturi. Sed autem minima <em>Et nihil hic inventore modi et quidem accusantium</em> aut nulla incidunt. Nam laudantium dignissimos ad sequi commodi ut possimus deleniti eos adipisci sint At quod dolores et magni galisum. Ex dolorem asperiores eos dolorem possimus aut fugit incidunt eum quasi quia. Sit accusamus amet est dolores quisquam 33 corporis nulla. </p>\r\n', 'Non molestias odit sit neque atque et magnam corporis. Aut eveniet voluptas id quibusdam recusandae.', '2021-08-17 14:45:44', NULL, 'Consensus.jpg'),
(9, 1, 'Hic delectus accusantium', '<p>Lorem ipsum dolor sit amet. Ut voluptatem quia ut ratione laborum  facere atque qui architecto temporibus eos autem consequatur sed unde optio. At impedit inventore cum odio natus est ducimus praesentium 33 perspiciatis totam aut molestiae nihil. Et enim architecto qui corporis eius aut optio tempore 33 consequatur tenetur sit consequatur repudiandae eum itaque rerum qui animi aliquam? Qui illum  et beatae culpa ex quia sunt! Et eveniet quia aut aliquid iusto id corrupti laborum. Nihil earum et repudiandae eveniet ad deserunt accusamus et Quis rerum et sunt sint At omnis omnis. Vel cumque iure ut distinctio suscipit aut earum rerum et dolor necessitatibus eos dicta aspernatur aut similique numquam ea minima voluptates. Id cumque quae eos dolor doloribus et error voluptas? Nam porro voluptatem non impedit consequatur sit doloribus quam quo animi numquam? Rem animi recusandae sed reprehenderit molestiae aut temporibus dolor. Vel minima commodi hic vero libero quo accusantium odio aut eveniet aliquam sed similique soluta et cumque quibusdam ab neque repellendus? Aut odio facilis aut eius doloremque est sunt consequatur qui iure aliquid aut iusto eius ut fugit dolorem est modi esse. Est perspiciatis praesentium sit rerum sint ad internos accusamus cum minima iure. Et autem rerum et mollitia labore qui excepturi modi sit doloremque nobis sed dicta quisquam. </p><p>Hic delectus accusantium et earum rerum aut provident vero. Ut nisi voluptas sed nihil dicta  quod illum ab asperiores ducimus qui labore eveniet ad illo adipisci. Sed possimus necessitatibus ab asperiores adipisci et unde voluptate et aliquam saepe in commodi  in quasi natus rem consequatur assumenda! Aut amet amet hic voluptas rerum ut voluptatem enim. Aut ipsum provident eum provident repudiandae qui dicta velit id cumque dolorem sed aliquid expedita. Eum autem facere aut eligendi tempore et asperiores voluptas qui recusandae aliquid et quam autem. Ut cupiditate galisum  repudiandae enim aut culpa ipsa. Qui minima amet hic voluptatem ratione ut sunt voluptates ut illo temporibus non quam magnam. Et deserunt soluta aut libero velit hic tenetur fuga. Non corrupti eius et praesentium harum et fuga consequuntur. Est nisi omnis ut laborum molestiae aut suscipit quibusdam est nihil nihil. </p><blockquote cite=\"https://www.loremipzum.com\">Ea suscipit atque rem reiciendis dignissimos eos delectus praesentium aut quia voluptatem a nulla commodi a possimus iste. </blockquote><p>Nam numquam internos non quis cupiditate est illum laborum et quis odit. Qui fugit nesciunt ut consequatur deleniti aut quibusdam fugiat ut dolor corporis eos pariatur atque ad commodi modi! Ea veniam velit ea porro soluta est consequatur reiciendis id iusto galisum  ipsa ipsa ea quasi quia. Ea temporibus aspernatur vel itaque asperiores eum labore eligendi nam doloribus provident. Et eveniet quibusdam quo accusantium necessitatibus 33 odit rerum! Sit laboriosam labore quo sunt sunt aut temporibus quia id quaerat nostrum qui accusantium rerum aut assumenda dolorem qui quos quas. In possimus galisum nam aliquam reiciendis nam dicta reiciendis! Eum labore maiores qui voluptatem perspiciatis est repellendus excepturi 33 optio quia. </p>\r\n', 'Sit laboriosam labore quo sunt sunt aut temporibus quia id quaerat nostrum.', '2021-08-17 14:51:05', NULL, 'game.png'),
(70, 3, 'Vel velit aliquid et quae praesentium', '<h1>Vel velit aliquid et quae praesentium. </h1><p>Lorem ipsum dolor sit amet. Est galisum tempore ab consequuntur dolores et optio dolorum ad galisum consequatur! Ab odit internos aut repellendus evenietin perferendis quo cumque consequatur! Est suscipit aperiam sit omnis expedita eos reprehenderit nihil ut fuga galisum. Sed quisquam amet <strong>Quo quia non quos quia sed error harum</strong> et quia quis quo assumenda aliquam. Aut laboriosam facilis ex reiciendis explicabo eum molestiae cupiditate et cupiditate inventore sed pariatur voluptas  velit tenetur. Eos praesentium Quis in optio quia vel labore expedita ea aliquid laborum qui reprehenderit fugiat qui illo nesciunt! Id exercitationem debitis id dolorem ipsa eum quibusdam molestiae non eveniet quas At nobis amet 33 facilis iusto. </p><h2>Eum optio nihil vel pariatur autem. </h2><p>Est accusantium consequatur et porro aspernatur qui rerum sunt in quisquam ipsam? Qui nihil quia ea odit inciduntquo eligendi in necessitatibus nesciunt. Sit quam incidunt aut nisi quae est quam repellendus et repellat laudantium aut amet velit cum itaque praesentium non reprehenderit rerum. Aut consequuntur minus qui Quis ipsum ut dignissimos ducimus. Non aperiam itaque vel galisum natus non facilis tenetur rem sapiente corrupti. In fugit nihil sit voluptatum omnis a voluptatem sunt et inventore magnam eum labore adipisci ut galisum quia qui quidem illum. Et facere modi <strong>Nam porro sit consequatur laboriosam qui perferendis error</strong> ut voluptas aperiam 33 deserunt assumenda. </p><ol><li>Ut quos autem in corrupti ipsum ea earum atque et consequatur fuga! </li><li>Id consequuntur  At adipisci quasi et natus molestiae. </li><li>Ea atque odit ut magni fuga. </li></ol><h3>Sit dolore illo sed earum deleniti. </h3><p>Et accusantium nobis sit minus quis At autem labore. Ut nihil nulla est nesciunt eveniet <em>Qui rerum non omnis dicta id  laudantium aut adipisci dolores</em>. Sit quis molestiae 33 cupiditate repudiandae a magni velit aut magnam internos id quos ipsam id sint animi. Sit ipsa ipsam qui quisquam pariatur nam similique dignissimos nam soluta voluptatibus sed iure odio id voluptas nesciunt. Et natus incidunt et voluptatem error hic illum eius sed atque doloremque! </p><dl><dt><dfn>Qui eligendi dolore sed molestiae culpa. </dfn></dt><dd>Et necessitatibus alias qui quisquam repellat sed accusamus quia qui corporis enim. </dd><dt><dfn>Qui rerum voluptatum qui beatae inventore? </dfn></dt><dd>Nam earum perspiciatis quo reiciendis facilis vel enim quia est impedit labore. </dd><dt><dfn>Eum quia voluptatem et inventore saepe? </dfn></dt><dd>Et porro libero et pariatur repellat? </dd><dt><dfn>Non consectetur velit. </dfn></dt><dd>Sed odio eveniet non ipsa excepturi ut autem assumenda. </dd></dl><h4>Non enim ipsa sed culpa sunt a eligendi nemo. </h4><p>At molestiae omnis quo asperiores eveniet <em>Magni id laborum saepe vel dolorem impedit</em>. Aut sunt dolor non inventore voluptas <strong>Sed alias est asperiores corrupti a assumenda tempora</strong>. Ex aliquam quia est dolorem facere rem nulla laborum aut ducimus eius et nulla quia in iste quia est quaerat deserunt. Sed neque aliquam qui facere culpa ad ratione magnam ea nesciunt odit. Eos atque suscipit aut ducimus quisquam et quisquam tempora rem eveniet unde aut voluptatem consequatur sit culpa molestias. Sit eveniet vitae ut sint quisquam est corrupti voluptatem. Est quia distinctio aut omnis quam At impedit quia non libero omnis et consequatur tempora quo laudantium totam. Non dolor unde ut fuga ratione eos totam distinctio ex voluptatem nostrum est fuga cumque non galisum nisi. Qui magnam enim aut reprehenderit voluptatem hic delectus  id iste autem. </p><h5>Ut omnis internos in nemo excepturi sit accusamus fugit? </h5><p>Ea deleniti cumque eos totam nihil sed necessitatibus dolores aut nostrum adipisci qui dignissimos minus. Et perferendis corrupti eos enim facilis sit doloribus repellat et porro rerum sed rerum incidunt aut reiciendis ipsa et commodi rerum. Non dolores quasi vel voluptas dolorem et  minima id labore natus. Eum quae asperiores et autem molestias sed iusto voluptates. Quo corporis nobis qui aperiam expedita et itaque rerum sed consequatur voluptas est possimus necessitatibus est itaque esse. Aut omnis magni <em>Eum voluptatibus sed sint officia et enim reiciendis</em> quo natus Quis. Ea deleniti nemo et doloremque doloribus ut dicta suscipit et odit sunt aut tempore soluta? Et minima blanditiis ut suscipit dolorum qui officiis dolores nam repellendus exercitationem qui dolorem ratione nam quos voluptatem. Sit maiores modi et impedit voluptates ut similique rerum id amet porro. </p><p>Aut nemo porro <em>Et quisquam rem suscipit autem quo esse dolore</em> vel dicta quod hic animi voluptatem! Et maxime eius et modi blanditiis et consequuntur beatae aut cupiditate temporibus. Qui delectus omnis eum vitae earum est reiciendis enim rem Quis consequatur est odit exercitationem ab vero facilis. Est aspernatur enim <strong>Vel libero ut dicta recusandae hic voluptatibus voluptas</strong> ut eligendi Quis. Eos suscipit delectus et labore similique quo fuga nemo. Aut autem aperiam ut aperiam animi qui esse velit. Et consectetur vitae aut illum dolore ut eveniet porro et velit sunt. </p><p>Sit accusamus ipsam sit possimus rerum et adipisci porro et obcaecati omnis et mollitia dolorum. Hic ipsam reiciendis est possimus consequuntur ut necessitatibus corrupti est Quis culpa sit doloremque consequatur est incidunt inventore. Sed velit earum <em>Vel labore id labore molestiae et provident perferendis</em> At autem facilis sed architecto doloribus. Et perspiciatis voluptatem  autem rerum eum omnis quos est nisi voluptatem. Et deleniti quisquam et ipsum molestiae non molestiae cupiditate sed temporibus dolor est facere porro. Et repellat deserunt ut magnam natus At consequuntur reiciendis aut asperiores voluptas aut sint omnis. Sit repellendus neque <strong>In maiores ea galisum fuga aut fuga deserunt eum officiis expedita</strong>. </p>\r\n', 'Ut quos autem in corrupti ipsum ea earum atque et consequatur fuga', '2021-11-01 07:59:38', NULL, '617febe84fadb.jpg'),
(28, 3, 'I like trains...', 'Choooooooo choo chooooooo chooo choo chooooooo choo cho choooooooooooooo choo. Choo chooooooo chooo choo chooooooo. Choooooooooooooo choo choooooooooooooo choo choooooooooooooo choo.\r\n\r\nChoooooooo choo chooooooo chooooooo chooo choo chooooooo chooo choo chooooooo choo cho choo choooooooooooooo choo chooooo choooooooooooooo choo. Choo chooooooo chooo choo chooooooo. Choooooooooooooo choo choooooooooooooo choo choooooooooooooo choo.Choooooooo choo chooooooo chooo choo chooooooo choo cho choooooooooooooo choo. Choo chooooooo chooo choo chooooooo. Choooooooooooooo choo choooooooooooooo choo choooooooooooooo choo.\r\n\r\nChoooooooo choo chooooooo chooooooo chooo choo chooooooo chooo choo chooooooo choo cho choo choooooooooooooo choo chooooo choooooooooooooo choo. Choo chooooooo chooo choo chooooooo. Choooooooooooooo choo choooooooooooooo choo choooooooooooooo choo.Choooooooo choo chooooooo chooo choo chooooooo choo cho choooooooooooooo choo. Choo chooooooo chooo choo chooooooo. Choooooooooooooo choo choooooooooooooo choo choooooooooooooo choo.\r\n\r\nChoooooooo choo choooooo chooo choo chooooo choo chooooooo choo cho choo choooooooooooooo choo chooooo choooooooo choo. Choo chooo chooo choo choooo. Choooooooooooooo choo choooooooooooooo choo choooooooooooooo choo.Choooooooo choo chooooooo chooo choo chooooooo choo cho choooooooooooooo choo. Choo chooooooo chooo choo chooooooo.Choooooooo choo chooooooo chooooooo chooo choo chooooooo chooo choo chooooooo choo cho choo choooooooooooooo choo chooooo choooooooooooooo choo. Choo chooooooo chooo choo chooooooo. Choooooooooooooo choo choooooooooooooo choo choooooooooooooo choo.Choooooooo choo chooooooo chooo choo chooooooo choo cho choooooooooooooo choo. Choo chooooooo chooo choo chooooooo. Choooooooooooooo choo choooooooooooooo choo choooooooooooooo choo.\r\n\r\nChoooooooo choo chooooooo chooooooo chooo choo chooooooo chooo choo chooooooo choo cho choo choooooooooooooo choo chooooo choooooooooooooo choo. Choo chooooooo chooo choo chooooooo. Choooooooooooooo choo choooooooochoo chooooooooooo choo. Choo chooooooo chooo choo chooooooo. Choooooooooooooo choo choooooooooooooo choo choooooooooooooo choo.\r\n\r\nChoooooooo choo chooooooo chooooooo chooo choo chooooooo chooo choo chooooooo choo cho choo choooooooooooooo choo chooooo choooooooooooooo choo. Choo chooooooo chooo choo chooooooo. Choooooooooooooo choo choooooooooooooo choo choooooooooooooo choo.', 'Choo choo *** !!', '2021-09-01 16:57:07', NULL, '6176a4bf481a4.jpg'),
(71, 3, 'Cum odit eius vel nostrum ullam aut magni laudantium', '<h1>Qui quaerat nemo qui odio labore aut necessitatibus quas! </h1><p>Lorem ipsum dolor sit amet. Et voluptas nesciunt et dolores dolore 33 voluptatibus quisquam  error accusantium vel velit ipsa aut sunt nemo. Cum sunt veniam ut tempore laudantium nam harum assumenda ea sint facere. Cum velit tempora sit aliquid pariatur ut sunt impedit qui adipisci dolores sed repellat nostrum. Vel odio soluta qui quas corrupti sit vitae eligendi a delectus ipsum. Quo quibusdam omnis et dicta temporibus et fugit libero in rerum similique. Et ducimus tempora et enim voluptas aut itaque aliquam et provident suscipit a soluta nihil? Et suscipit temporibus ex ipsam libero ut commodi velit et blanditiis quas aut nobis saepe ex illum veniam. Id pariatur omnis ab deleniti autem quo omnis ipsum et corrupti eligendi! Aut voluptatem quae <strong>Est voluptate et dolore sequi ab tempora eveniet</strong> est quisquam reiciendis eos atque deserunt. Vel officia odit est ipsam eius sit enim enim aut quae culpa. Et labore doloribus <em>Est ipsum</em> et omnis voluptas ea dolorem quos. </p><h2>Eos ratione fugit eum  autem. </h2><p>Sit voluptate labore et culpa asperiores et consequatur consectetur At obcaecati esse sed dolores optio ut assumenda  et distinctio porro. Et minima ipsa ea dolores mollitia et nostrum nihil et ullam nulla est assumenda consectetur aut reiciendis doloremque sit placeat quia. Id odio ratione et facere unde ut consequuntur ratione et nulla distinctio qui magnam nostrum. Eos perferendis nihil sit temporibus aspernatur eum voluptatem fugit. At necessitatibus voluptas non repellendus quaerat a ipsa commodi ea nostrum quisquam aut error iste. Eos inventore deserunt ut deleniti voluptatibus in asperiores omnis et optio autem quo voluptatem voluptatem est sapiente nihil. Ea sint nesciunt <strong>Sit asperiores ad exercitationem dolorem a excepturi consequuntur</strong> qui quibusdam aperiam qui ullam illum. A facilis fugit <em>Et fuga non nihil labore qui voluptate voluptatum</em> et veniam repellendus est tempore nostrum ut vitae voluptas. Quo placeat voluptatem qui ratione eaque id commodi cumque. Aut rerum culpa est quia dolorum et cupiditate soluta aut incidunt commodi! Et iure quia ea sunt architecto nam galisum  qui quos iusto ex accusamus nemo quo praesentium odit sit sequi blanditiis! </p><ol><li>Qui alias dignissimos est cumque veniam aut omnis pariatur sit voluptatem enim. </li><li>Et accusamus rerum qui sunt reprehenderit? </li><li>Id doloribus animi eos autem ullam aut aliquam ipsam sed quia dolor. </li><li>Qui placeat amet est eligendi mollitia est velit cumque ut aspernatur Quis. </li><li>Ea corrupti harum est ducimus blanditiis est voluptas omnis At odio unde. </li></ol><h3>Non odit quis eos culpa placeat. </h3><p>Rem beatae dolorem in rerum reprehenderit et cumque vitae qui nihil perferendis aut soluta minima. Ut dolores tenetur nam autem deleniti et reiciendis voluptatem non autem cumque non doloremque minus ex necessitatibus quia sed similique soluta. Et repudiandae illout aliquam ea tempore nihil. Vel itaque ullam ut molestiae modi aut facere sapiente non placeat quidem aut eaque quod non numquam voluptatibus aut fugiat fuga! Sed alias voluptatum ut voluptas molestiae eos unde. Rem asperiores voluptas aut nostrum voluptates aut voluptates excepturi. Non dolor dolore nam ducimus enim est nisi accusantium est dolorem magnam quo Quis earum. Et modi suscipit <em>Vel praesentium et quaerat sint id error voluptates</em> et odit delectus ut  doloribus et ipsum dignissimos. Hic praesentium deleniti est enim debitis qui consectetur dolores ab  reprehenderit non neque velit? Aut sunt doloribus ea quibusdam fuga aut beatae repudiandae et dolorem quos ea enim aperiam sed voluptatibus nulla. Ut cumque quia et deleniti mollitia quo beatae iste ut accusantium iusto aut quis veniam aut ullam dolores et perspiciatis repellendus. </p><h4>Est earum internos ad excepturi itaque. </h4><p>Ab odio aspernatur 33 quis galisum ut explicabo inventore non quia exercitationem. Quo enim dolor est facilis commodi sit consequatur consequuntur. Quo quae iste ex veritatis repudiandaenon consequatur. Aut quia tenetur et minima ratione nam voluptas fugiat qui dicta voluptatem aut perspiciatis optio. Qui nobis galisum At velit commodi aut odio ipsa. Aut facere natus <strong>Rem voluptatum vel animi nostrum ex laborum omnis</strong> et molestiae officia id minus explicabo. Eum debitis quia ut velit libero eos ipsa voluptatem et aspernatur sint et sunt reprehenderit aut unde accusamus. Qui tenetur vero est eligendi error quo ratione quasi. Cum odit eius vel nostrum ullam aut magni laudantium aut dolore quia ex consequatur molestiae id doloremque facere quo consectetur delectus. Ea ipsum libero ut internos neque est velit delectus est velit adipisci. Ea quidem quos aut corrupti eveniet id debitis internos! </p><dl><dt><dfn>Et nemo natus a minus expedita. </dfn></dt><dd>Ut quia sunt cum fuga voluptatem. </dd><dt><dfn>Non consequuntur sunt et quae quis. </dfn></dt><dd>Et temporibus  aut delectus maiores et atque fugiat rem molestiae deleniti! </dd><dt><dfn>Eum facere praesentium ad veritatis rerum. </dfn></dt><dd>Ab eius repellendus eos numquam odit non rerum inventore sit iste debitis! </dd></dl>\r\n', 'Ab eius repellendus eos numquam odit non rerum inventore sit iste debitis', '2021-11-01 08:02:24', NULL, '617f91006a8c5.jpg'),
(72, 3, 'Eum omnis non voluptatem unde eum dolor cumque', '<h1>Aut numquam voluptatem ut fuga neque. </h1><p>Lorem ipsum dolor sit amet. Et praesentium doloremque et facere minus ab totam internos. Aut reiciendis aliquid aut nemo porro sit repellat fugit non voluptatem ducimus. Sed quam consectetur aut sapiente internos ea reprehenderit similique ea dolore voluptas. Qui sunt dolorem aut unde minima et placeat modi et iste accusantium. Aut nesciunt iste et amet atque qui laudantium necessitatibus ut harum omnis in tenetur recusandae ut modi modi. Vel sunt numquam <em>Vel molestiae</em> qui optio impedit. Est ratione accusantium est nostrum quiain saepe. Ad dolore nihil qui dolor impedit est temporibus autem et culpa unde sed deserunt consequuntur. </p><h2>Eum dicta possimus ea corporis quod? </h2><p>Qui eveniet ullam quo totam reprehenderit est beatae ullam ut recusandae provident aut inventore dolor et accusantium consequuntur ut alias eveniet. Aut porro consequatur sed consequatur excepturi nam deserunt minima. Est quia dolores <strong>Eos excepturi est vero laboriosam quo tenetur quis</strong>. Qui voluptas exercitationem ex internos fugiat in cupiditate earum. Esse illo et ducimus assumenda  deserunt facilis et alias aspernatur est eaque autem ut explicabo consectetur. Et molestiae quibusdam et repellat harum et incidunt ipsam. Et laboriosam rerum  doloremque galisum ut sunt rerum. In quidem ullam aut illum sapiente est quidem optio id consequatur voluptas. </p><h3>Ea atque provident rem sint eligendi. </h3><p>Ad quia fuga in iste sunt sit quod quae ab suscipit molestias est cupiditate recusandae ut omnis sequi. Eos dolor odit ea modi fugit sit cumque quia. At quasi quasi eum omnis saepe a amet nesciunt. Ut consequatur voluptas At omnis quia vel exercitationem ullam vel similique delectus sed praesentium saepe ut illum numquam. Et neque consequatur sit modi accusantium non consequatur asperiores rem quaerat necessitatibus aut numquam quia hic facere repellendus. Sit ipsa tenetur vel modi velit est odio autem. Et aspernatur provident quo nobis architecto <em>Et iusto At incidunt voluptates</em>. Ut architecto iusto non tempora iste cum ipsam magni ut sint dolores. Sit quis commodi ut dolorum assumenda vel magni totam quo consequuntur asperiores vel quibusdam eius! Qui quae adipisci ut  maiores in omnis tempore hic enim galisum. Qui quidem voluptatum <strong>Ut cumque ea ipsa quia id similique omnis</strong>. </p><h4>Ut mollitia vero cum totam voluptates? </h4><p>Quo laborum similique et architecto quia aut ipsam excepturi in veniam voluptatibus ut totam consequuntur! Nam ipsum galisum cum quos excepturi ex omnis consequuntur id explicabo omnis a praesentium ipsum ut ullam voluptas nam earum facilis. Aut rerum Quis non sequi voluptatem sed ipsum neque quo obcaecati ducimus eos repellendus perspiciatis. Et repellat Quis aut quia commodi quo ratione quasi et alias eaque eos incidunt consectetur ea pariatur dolor. Aut optio voluptatem hic accusamus laudantium <strong>Qui fuga aut corrupti velit</strong>. Qui dolorem impedit est modi omnis ex dolor quidem et excepturi deserunt id quia fugiat ut incidunt quisquam! Ut odit saepe ut repudiandae atque id enim recusandae est aperiam impedit aut autem impedit? Et consequatur laudantium et nostrum delectus et dicta facilis. Vel ipsam molestias et esse numquam et ullam officiis id consequatur maiores quo placeat architecto. Et exercitationem rerum <em>Et possimus et voluptas nulla ea modi </em> ut error reprehenderit quo error minus. Aut eligendi natus nam minus quos ea reprehenderit molestias ut voluptatem rerum est incidunt vitae. Non odit quam  facilis voluptas sit laudantium quidem est placeat quia vel quas vitae ab soluta aliquid est sunt facere. Et dignissimos voluptatem a nostrum enim At dolor aliquid. Nam necessitatibus laboriosam ad nihil sunt est dolor iusto in asperiores aliquid a asperiores laudantium ad quidem omnis aut impedit sint. </p><ol><li>Ea unde libero qui incidunt quam eum rerum corrupti qui incidunt ducimus. </li><li>Est doloremque laboriosam eum omnis illo sed soluta voluptatem quo impedit nemo. </li><li>Qui placeat aliquid ut laborum esse qui rerum tempore ab corrupti maxime. </li><li>Eos odit sunt et quod quaerat. </li></ol><dl><dt><dfn>Vel quia voluptates? </dfn></dt><dd>Rem expedita ipsa ut consequuntur sunt. </dd><dt><dfn>Et esse temporibus? </dfn></dt><dd>Ea doloribus atque eum magnam eaque et galisum nisi ut aspernatur modi. </dd><dt><dfn>Eum sapiente sint ea possimus consequuntur? </dfn></dt><dd>Aut dolorem officiis non velit minima hic similique fuga nam minima aspernatur. </dd><dt><dfn>Qui laudantium accusantium. </dfn></dt><dd>Et dolor quia et voluptatem amet! </dd></dl><h5>Non consequuntur dolores  omnis explicabo et cupiditate voluptate. </h5><p>Et enim sint ut tenetur necessitatibus hic voluptate reiciendis qui possimus voluptas. Sit consequatur eaque et iure iste eos neque aspernatur et facilis animi! Et distinctio assumenda ut doloribus dolores aut quia voluptatem est aliquid galisum eum consequuntur ducimus aut consequuntur suscipit? Cum placeat recusandae aut magnam aperiam eos totam maiores. Quo saepe omnis et quaerat voluptatum sit vitae nobis non iure commodi sed doloremque saepe. Eos doloremque facilis eos nihil distinctio qui voluptatem magnam. Est animi tempora <em>Aut consequatur ut saepe nemo sed fugit consequatur</em> a voluptates quia ut dolorum deserunt ab voluptatem animi. Eum sequi aliquam qui optio debitis sed beatae consectetur et autem voluptates ad unde necessitatibus aut explicabo accusamus ea eius saepe. Vel deserunt dolorem 33 enim asperiores ex culpa temporibus aut earum totam. Sed repellendus soluta in nemo suscipit non officiis officia aut quibusdam autem sit voluptate galisum. Dolores expedita aut voluptas nemo ut repudiandae galisum et quae saepe nam veniam quae est reprehenderit porro qui quod blanditiis. </p><p>Qui nihil quia eum vero fuga in voluptatibus obcaecati qui debitis minima in neque laboriosam! Qui repellendus velit aut consequatur deleniti aut adipisci voluptatem ab internos galisum in magnam quia rem distinctio optio. Non magni nesciunt eos architecto distinctio aut temporibus quam ut nihil dolorum quo numquam iste. Aut porro porro in beatae voluptatibus <strong>A corporis ut velit nobis</strong> cum autem consequatur et laboriosam impedit ad sint deserunt. Cum excepturi incidunt id dolores aliquid quo rerum commodi in fugit vero qui exercitationem atque id enim itaque? Non voluptate totam aut consectetur sapiente est deleniti quisquam nam tempora ullam quo rerum rerum  dolor dolorem. Quo enim corporis  fugit nemo aut cumque architecto quo laborum iste At unde quidem id aliquam laboriosam. Et perferendis  et libero suscipit <em>Id nihil eos fugiat quam</em>? Qui aperiam illum quo odit iure qui adipisci saepe. Ut quia ipsum non animi laudantium et ullam eveniet non amet enim. Id iste esse qui tempora sint et velit totam sit officia minima. </p><p>Id eligendi incidunt ut repudiandae expedita eos quia quam. Qui ipsa Quis sit obcaecati enim aut repellat obcaecati sed aliquid necessitatibus aut omnis fugiat ad sint esse qui ipsum placeat. Et maiores autem 33 dolorum adipisci ab sint voluptates. Aut magni quis <strong>Est officiis aut facere aliquam ut dignissimos nulla et maiores doloribus</strong> et provident doloribus est nulla quod. Ut quia saepe aut consequatur sunt ex voluptas galisum et incidunt eveniet qui quia velit rem quos dolorum? Et facere laboriosam ut eius voluptatum et adipisci voluptatibus aut nostrum odit qui temporibus repellendus. Aut mollitia illo sit nihil dolorem et omnis nihil ut iste quia id laudantium possimus et dolore quasi! Quo minima consequatur qui dolore iusto rem maiores repellat cum cupiditate blanditiis. </p><p>Ut ipsa  <strong>Eum omnis non voluptatem unde eum dolor cumque</strong> non eveniet alias qui ipsam enim? Qui corporis eveniet  excepturi tenetur aut Quis adipisci. Et voluptatem quos sit molestiae ipsam aut aperiam nihil eos libero sapiente qui nemo magni qui fugiat perspiciatis qui dolores modi. Sed commodi pariatur 33 internos nulla ut porro galisum id odit dignissimos id suscipit incidunt. Ut eaque doloremque eum cumque aliquid et quae blanditiis ut voluptatum voluptatum ab dolores reiciendis. Eum earum velit sed quisquam deserunt vel laudantium odit sit voluptatem alias. Quo voluptas pariatur qui molestiae porro ab voluptates earum! In aspernatur modi est libero velit aut asperiores culpa cum nemo enim est consectetur fuga qui libero aliquid ab nobis natus. </p><p>33 sint autem rem laborum earum in aspernatur labore id velit galisum qui laudantium ipsa. In dignissimos accusantium ut dicta magnam <em>Nam earum id velit similique vel animi temporibus et omnis doloremque</em> ut dignissimos incidunt! Aut perferendis consequatur qui quia consequatur ut vero ipsa et molestias mollitia ut nemo neque qui alias inventore et consequatur accusantium! Ex earum quam  accusantium saepe eum reprehenderit magnam ut delectus nihil. Ut voluptatum fuga aut quidem quia  architecto neque. Qui inventore molestiae aut ipsa fuga qui tempora dolores At fugiat voluptates eos nisi deleniti est beatae iste. A nulla explicabo qui error illum qui dolores consequatur est illo laboriosam ea aliquam dolor ab rerum accusantium. A facilis maiores aut magni  aut odio vitae qui quos rerum. Ad nemo dolor qui Quis iure quo officiis itaque et ratione nemo aut corporis asperiores in voluptas fugiat in laudantium distinctio. Cum laudantium voluptatem qui tempore consequatur qui voluptatibus molestias eos repellendus galisum id sunt neque sit quia modi. Et provident unde ad saepe enim aut quidem atque et possimus Quis aut velit quia sed officiis molestiae eum fugiat pariatur. </p>\r\n', 'A corporis ut velit nobis', '2021-11-01 08:03:21', NULL, '617f9139edb91.jpg'),
(73, 3, 'In velit qui voluptas quos aut fugit veniam non harum laborum', '<h1>Ea quas consequatur qui sunt quidem hic asperiores amet. </h1><p>Sit facere adipisci  dicta iste sit repudiandae iusto sed quia dicta. 33 fuga veniam <em>Qui incidunt  quia delectus est neque maxime</em> ut aspernatur sunt vel expedita exercitationem! Ab autem sunt et adipisci voluptas id dolor omnis 33 voluptatem reprehenderit ex iste eligendi ut consequatur impedit qui galisum beatae. </p><h2>Ut ducimus consequatur ut quisquam animi. </h2><p>Et velit nihil ut tempore mollitia <strong>33 ducimus ut ullam veritatis</strong>. Vel eveniet reprehenderit aut galisum et suscipit At delectus autem. Ratione velit qui numquam provident est perferendis aperiam sit asperiores omnis est officia fuga quo eligendi galisum. </p><h3>Et laboriosam odio et deserunt repellendus. </h3><p>Eos doloribus dolores qui voluptate enim a itaque numquam est voluptates ipsam sit error commodi. Id excepturi inventore et officia facilis <strong>Eum laboriosam et aspernatur temporibus eum perferendis corporis sed consequatur inventore</strong>. Sit libero alias eos voluptas quisest excepturi et perspiciatis blanditiis. </p><h4>Et consequuntur sunt ad autem officia. </h4><p>Est doloremque inventore qui optio rerum et galisum error est perferendis eaque. Et voluptatem magnam <strong>Aut odio est dolor perspiciatis in odio nesciunt</strong> ut ducimus recusandae quo sint amet sed excepturi ipsam. Sed deleniti molestiae <em>Sit natus eos natus animi cum suscipit tempore qui pariatur repellat</em>. </p><h5>Aut quidem necessitatibus et error repudiandae est corporis nihil? </h5><p>In tempore suscipit et laudantium cumque  asperiores assumenda ab dolor repellendus et deleniti doloribus sed fugit iusto. A provident omnis  magnam voluptatibus sit saepe illo et fuga facere est internos doloremque a eius atque. Est libero maxime 33 galisum omnis <em>Qui nisi  praesentium ipsa</em> et nihil unde aut eius dolores aut vitae voluptate! Ex dolorem Quis  doloribus harum ut beatae reiciendis. </p><p>Ex praesentium doloribus vel libero rerum <em>Sed voluptatem sit tenetur pariatur non deserunt inventore</em>. Ut officia ipsum et voluptatem aspernatur ut illo dicta vel maxime commodi. Qui quidem itaque nam rerum explicabo <strong>Ut deleniti sit autem voluptates ut earum fuga est tenetur voluptatibus</strong>. A modi accusantium est ullam odit et quisquam accusantium. </p><p>Ut alias rerum <em>Est autem non quidem odio sed nisi voluptatem</em> aut voluptatibus quae et Quis adipisci. Quo quod voluptas et incidunt voluptatem est dolor voluptatem. Aut laborum numquam sit repellat officia qui ipsa excepturi ex quos iusto. Ut dolorem voluptatem vel debitis voluptatem 33 quae assumenda ut atque dolores. </p><p>Sit iure nihil 33 quis accusantium cum voluptatem ipsam eum exercitationem quasi ut unde velit. Est eligendi delectus quo dolor accusamus <strong>Est repellat quo consequatur reiciendis et vitae numquam sed dolor similique</strong>. </p><p>Ut accusantium nihil aut omnis delenitiaut provident vel nulla excepturi et dolore dolores. Eum quia similique ut quia assumenda At totam voluptatem ut galisum vero. Ea earum quas rem sunt autem quo asperiores placeat id distinctio accusamus eum rerum eaque. Ut libero aperiam id maxime aliquid est autem cumque cum rerum provident et autem error eos tempore autem. </p><dl><dt><dfn>Eum repellendus explicabo est voluptatem quia. </dfn></dt><dd>Ex quia nobis hic ratione voluptatibus. </dd><dt><dfn>Est assumenda magni sed quidem officiis. </dfn></dt><dd>Qui eaque dolorum aut distinctio rerum. </dd><dt><dfn>Id dolor labore nam ducimus minima. </dfn></dt><dd>Sit possimus consequatur non sint tenetur ex maiores consectetur qui quibusdam dicta. </dd></dl><p>Et dolor quia qui quae facere vel vitae harum id modi commodi qui deleniti dolores. Est earum enim <em>33 optio eos animi neque qui architecto quae</em>. </p><p>Rem assumenda amet ut adipisci quiaest assumenda. Qui cumque consequatur et fugit galisum aut eligendi architecto et inventore maxime quo quaerat fugit? </p><p>Aut tenetur excepturi est nesciunt vitae et quod autem. Et soluta illo ex aliquid minima et repudiandae voluptatem sit voluptates galisum et internos architecto non omnis explicabo At dolore itaque! </p><p>Aut architecto doloremque ut neque dolor ut nesciunt maxime vel porro vitae est minus amet sit possimus ullam et eaque enim. Quo odit voluptatibus in molestias temporibus non sapiente atque? </p><p>Odit praesentium <em>Ut reprehenderit ut temporibus libero eum quia expedita</em> id omnis eius quo nesciunt reiciendis rem fugit voluptates. Aut illo odit qui labore assumenda id architecto aspernatur aut temporibus sunt ut laboriosam placeat At galisum illo. A porro praesentium sit reiciendis animi non praesentium maxime eum reprehenderit error eum facere illum sit earum consequatur! Et voluptas error sed dolor quod et unde dolorem est quisquam minus id expedita dolorem ea rerum galisum est pariatur quisquam! </p><p>Sed sint blanditiis eum labore voluptatum hic iusto itaque non fugit sint vel nesciunt suscipit id voluptatem consectetur. Eos doloremque voluptatem vel saepe vero <em>Facilis 33 iure alias ut impedit itaque sit beatae quam</em>. Et placeat rerum aut ipsam aperiamet sapiente. </p><p>Aut quis necessitatibus <strong>Qui porro aut repellat tenetur</strong>. Aut fugiat voluptatum <em>Ut voluptates et doloremque iste et saepe pariatur hic unde deserunt</em>. Qui vitae natus est obcaecati autem nam obcaecati quasi ut tempore consectetur? </p><p>Id odio esse et sint iure non nisi minus. In odio sunt <em>Aut nihil</em> et voluptatem aliquam et consequatur numquam! </p><ol><li>Est earum dicta aut optio veniam non suscipit maiores qui ratione nobis! </li><li>Excepturi voluptatem non distinctio eligendi sit dolores dolor. </li><li>Et amet dicta aut illo dolores cum consequatur excepturi sit voluptatem asperiores. </li><li>Sed voluptatem quibusdam qui ipsum quae. </li><li>Et minus quidem et quia ducimus sit alias sequi. </li></ol><p>At dicta quas est reiciendis necessitatibus <em>In velit qui voluptas quos aut fugit veniam non harum laborum</em> sed enim laudantium. Est veritatis omnis et tempora provident 33 dolores fuga eum autem tempore. Et nihil internos nam architecto ullam ut obcaecati nisi et possimus incidunt eos doloremque odit eum tempore galisum. Et nobis quam ex doloribus numquam et voluptatem corporis et necessitatibus quam et repellat eaque? </p><p>Ea esse soluta aut magnam quidem eos facilis beatae aut saepe dolore in ipsa ipsa ut vitae voluptatem aut cumque cumque! Et illum modi et nisi sunt eos repellat necessitatibus qui ducimus quidem ea magni enim 33 quaerat repellendus in suscipit asperiores. </p><p>Et architecto quia ad aperiam eveniet <em>Qui impedit ut consequatur consequuntur cum nisi minus</em>? Sed possimus minus <strong>Est sequi eos cupiditate itaque eos dolorem porro</strong> vel dolor quia. Ut velit doloremque qui obcaecati exercitationem est similique omnis est impedit cumque ex deserunt inventore. </p>\r\n', 'Rem assumenda amet ut adipisci quiaest assumenda', '2021-11-01 08:05:07', NULL, '619b5cc472cf1.jpg'),
(85, 1, 'NOVE SED NON NOVA', '<em>NOVE SED NON NOVA</em>.<br/>La manière est nouvelle, mais non la matière. Citation que j’ai jamais pu replacer correctement dans une conversation.<br/><br/>\r\n\r\n<em>Tempora mori, tempora mundis recorda</em>.<br/> Voilà. Eh bien ça, par exemple, ça veut absolument rien dire, mais l’effet reste le même, et pourtant j’ai jamais foutu les pieds dans une salle de classe attention !<br/><br/>\r\n\r\n<em>Victoriae mundis et mundis lacrima</em>.<br/> Bon, ça ne veut absolument rien dire, mais je trouve que c’est assez dans le ton.<br/><br/>\r\n\r\n<em>Deus minimi placet</em>.<br/>Seul les dieux décident.<br/><br/>\r\n\r\n<em>Mundi placet et spiritus minima.</em><br/>Ca n\'a aucun sens mais on pourrait très bien imaginer une traduction du type : \"Le roseau plie, mais ne cède... qu\'en cas de pépin\" ce qui ne veut rien dire non plus\r\n', 'La manière est nouvelle, mais non la matière. ', '2021-11-19 08:58:56', NULL, '619b5cba4f94e.jpg');

-- --------------------------------------------------------

--
-- Structure de la table `user`
--

DROP TABLE IF EXISTS `user`;
CREATE TABLE IF NOT EXISTS `user` (
  `userId` int NOT NULL AUTO_INCREMENT,
  `userName` varchar(50) NOT NULL,
  `userPassword` varchar(255) CHARACTER SET utf8 COLLATE utf8_general_ci NOT NULL,
  `userMail` varchar(320) NOT NULL,
  `userCreationDate` datetime NOT NULL DEFAULT CURRENT_TIMESTAMP,
  `userIsAdmin` tinyint(1) NOT NULL,
  `userIsActive` tinyint(1) NOT NULL,
  PRIMARY KEY (`userId`)
) ENGINE=MyISAM AUTO_INCREMENT=41 DEFAULT CHARSET=utf8;

--
-- Déchargement des données de la table `user`
--

INSERT INTO `user` (`userId`, `userName`, `userPassword`, `userMail`, `userCreationDate`, `userIsAdmin`, `userIsActive`) VALUES
(3, 'xxxBestUserNamexxx', '0b9c2625dc21ef05f6ad4ddf47c5f203837aa32c', 'bestusermail@host.fr', '2021-09-02 16:40:26', 1, 0),
(2, 'Baal', '0b9c2625dc21ef05f6ad4ddf47c5f203837aa32c', 'baal@toto.fr', '2021-08-13 09:15:57', 0, 0),
(1, 'Admin', '90795a0ffaa8b88c0e250546d8439bc9c31e5a5e', 'Admin@host.fr', '2021-08-10 17:32:44', 1, 1),
(22, 'LegCor', '90795a0ffaa8b88c0e250546d8439bc9c31e5a5e', 'legcor@mail.com', '2021-09-11 20:54:48', 0, 1),
(25, 'Utilisateur supprimé', '90795a0ffaa8b88c0e250546d8439bc9c31e5a5e', 'tester@host.fr', '2021-09-09 14:44:50', 0, 0),
(26, 'POOtest', '90795a0ffaa8b88c0e250546d8439bc9c31e5a5e', 'pootest@test.fr', '2021-10-13 15:38:51', 0, 0),
(28, 'MonsieurTriangle', '077454edf4bf8bd07430de53cc2dea185dde1e09', 'monsieurtriangle@yoyo.fr', '2021-10-24 10:33:12', 0, 1),
(27, 'Yipikaye', '90795a0ffaa8b88c0e250546d8439bc9c31e5a5e', 'youpla@tete.rf', '2021-10-24 10:31:20', 0, 1),
(31, 'Utilisateur supprimé', '90795a0ffaa8b88c0e250546d8439bc9c31e5a5e', 'newuser@user.info', '2021-11-01 21:46:06', 0, 0),
(38, 'Utilisateur supprimé', 'a16358be6e2306b153b1f071477e68837266075e', 'usertodelete@iser.fr', '2021-11-24 23:04:54', 0, 0),
(37, 'User', '90795a0ffaa8b88c0e250546d8439bc9c31e5a5e', 'user@host.fr', '2021-11-18 10:00:47', 0, 1),
(40, 'LastTest', '32a89bdcec2d50f9dc9747cd47ecfc14cf9c3dbe', 'lasttest@test.fe', '2021-12-06 10:37:12', 0, 1),
(39, 'Utilisateur supprimé', 'a16358be6e2306b153b1f071477e68837266075e', 'tretretre@gfdgfdg.gt', '2021-11-29 14:49:46', 0, 0);
COMMIT;

/*!40101 SET CHARACTER_SET_CLIENT=@OLD_CHARACTER_SET_CLIENT */;
/*!40101 SET CHARACTER_SET_RESULTS=@OLD_CHARACTER_SET_RESULTS */;
/*!40101 SET COLLATION_CONNECTION=@OLD_COLLATION_CONNECTION */;
